<?xml version="1.0" encoding="UTF-8" standalone="no"?><configurationDescriptor version="62">
  <logicalFolder displayName="root" name="root" projectFiles="true">
    <logicalFolder displayName="Header Files" name="HeaderFiles" projectFiles="true">
      <itemPath>../Define.h</itemPath>
      <itemPath>../GetSetWord.h</itemPath>
      <itemPath>../Hard.h</itemPath>
      <itemPath>../p18cxxx.h</itemPath>
      <itemPath>../p18f4550.h</itemPath>
      <itemPath>../Pic.h</itemPath>
    </logicalFolder>
    <logicalFolder displayName="Linker Files" name="LinkerScript" projectFiles="true">
      <itemPath>../18f4550_g.lkr</itemPath>
    </logicalFolder>
    <logicalFolder displayName="Source Files" name="SourceFiles" projectFiles="true">
      <itemPath>../c_Micro.c</itemPath>
      <itemPath>../c_Version.c</itemPath>
      <itemPath>../Communic.c</itemPath>
      <itemPath>../Config.c</itemPath>
      <itemPath>../Crc.c</itemPath>
      <itemPath>../FrameCom.c</itemPath>
      <itemPath>../InOut.c</itemPath>
      <itemPath>../Interrupt.c</itemPath>
      <itemPath>../Main.c</itemPath>
      <itemPath>../RunLed.c</itemPath>
      <itemPath>../Tempo.c</itemPath>
      <itemPath>../Timer.c</itemPath>
      <itemPath>../Uart1.c</itemPath>
    </logicalFolder>
    <logicalFolder displayName="Important Files" name="ExternalFiles" projectFiles="false">
      <itemPath>Makefile</itemPath>
    </logicalFolder>
  </logicalFolder>
  <projectmakefile>Makefile</projectmakefile>
  <confs>
    <conf name="default" type="2">
      <toolsSet>
        <developmentServer>localhost</developmentServer>
        <targetDevice>MCV20USB</targetDevice>
        <targetHeader/>
        <targetPluginBoard/>
        <platformTool>PICkit3PlatformTool</platformTool>
        <languageToolchain>C18</languageToolchain>
        <languageToolchainVersion>3.45</languageToolchainVersion>
        <platform>3</platform>
      </toolsSet>
      <compileType>
        <linkerTool>
          <linkerLibItems>
          </linkerLibItems>
        </linkerTool>
        <loading>
          <useAlternateLoadableFile>false</useAlternateLoadableFile>
          <alternateLoadableFile/>
        </loading>
      </compileType>
      <makeCustomizationType>
        <makeCustomizationPreStepEnabled>false</makeCustomizationPreStepEnabled>
        <makeCustomizationPreStep/>
        <makeCustomizationPostStepEnabled>false</makeCustomizationPostStepEnabled>
        <makeCustomizationPostStep/>
        <makeCustomizationPutChecksumInUserID>false</makeCustomizationPutChecksumInUserID>
        <makeCustomizationEnableLongLines>false</makeCustomizationEnableLongLines>
        <makeCustomizationNormalizeHexFile>false</makeCustomizationNormalizeHexFile>
      </makeCustomizationType>
      <C18>
      </C18>
      <C18-AS>
      </C18-AS>
      <C18-LD>
      </C18-LD>
      <C18LanguageToolchain>
      </C18LanguageToolchain>
      <PICkit3PlatformTool>
      </PICkit3PlatformTool>
    </conf>
  </confs>
</configurationDescriptor>